"Time","Age","catch","species","biomassaa"
1955,"3",4790000,"Cod",3961.33
1955,"4",25164000,"Cod",32889.348
1955,"5",46566000,"Cod",100442.862
1955,"6",28287000,"Cod",102314.079
1955,"7",10541000,"Cod",48889.158
1955,"8",5224000,"Cod",29552.168
1955,"9",2467000,"Cod",16368.545
1955,"10",25182000,"Cod",155322.576
1955,"11",2101000,"Cod",18375.346
1955,"12",1202000,"Cod",10612.458
1955,"13",1668000,"Cod",16823.448
1955,"14",665000,"Cod",9698.36
1956,"3",6709000,"Cod",7245.72
1956,"4",17265000,"Cod",27624
1956,"5",31030000,"Cod",67955.7
1956,"6",27793000,"Cod",91161.04
1956,"7",14389000,"Cod",66908.85
1956,"8",4261000,"Cod",23989.43
1956,"9",3429000,"Cod",21191.22
1956,"10",2128000,"Cod",14832.16
1956,"11",16820000,"Cod",114880.6
1956,"12",1552000,"Cod",14418.08
1956,"13",1522000,"Cod",16688.73
1956,"14",1545000,"Cod",20013.93
1957,"3",13240000,"Cod",15093.6
1957,"4",21278000,"Cod",36385.38
1957,"5",17515000,"Cod",44137.8
1957,"6",24569000,"Cod",78620.8
1957,"7",17634000,"Cod",80411.04
1957,"8",12296000,"Cod",73284.16
1957,"9",3568000,"Cod",25582.56
1957,"10",2169000,"Cod",15746.94
1957,"11",1171000,"Cod",9719.3
1957,"12",6822000,"Cod",56554.38
1957,"13",512000,"Cod",5299.2
1957,"14",1089000,"Cod",14346.486
1958,"3",25237000,"Cod",30536.77
1958,"4",30742000,"Cod",55643.02
1958,"5",14298000,"Cod",44609.76
1958,"6",10859000,"Cod",48974.09
1958,"7",15997000,"Cod",79985
1958,"8",15822000,"Cod",93982.68
1958,"9",12021000,"Cod",79819.44
1958,"10",2003000,"Cod",16604.87
1958,"11",2125000,"Cod",18083.75
1958,"12",771000,"Cod",6815.64
1958,"13",3508000,"Cod",32834.88
1958,"14",723000,"Cod",9469.131
1959,"3",18394000,"Cod",20417.34
1959,"4",37650000,"Cod",73417.5
1959,"5",23901000,"Cod",70029.93
1959,"6",7682000,"Cod",34722.64
1959,"7",5883000,"Cod",32474.16
1959,"8",8791000,"Cod",54240.47
1959,"9",13003000,"Cod",85949.83
1959,"10",7683000,"Cod",54779.79
1959,"11",914000,"Cod",7778.14
1959,"12",990000,"Cod",8583.3
1959,"13",218000,"Cod",2175.64
1959,"14",1287000,"Cod",14512.212
1960,"3",14830000,"Cod",15719.8
1960,"4",28642000,"Cod",49264.24
1960,"5",27968000,"Cod",81666.56
1960,"6",14120000,"Cod",65516.8
1960,"7",8387000,"Cod",47470.42
1960,"8",6089000,"Cod",39882.95
1960,"9",6393000,"Cod",44175.63
1960,"10",11600000,"Cod",82824
1960,"11",3526000,"Cod",28102.22
1960,"12",692000,"Cod",7086.08
1960,"13",183000,"Cod",1848.3
1960,"14",510000,"Cod",6564.21
1961,"3",16507000,"Cod",16837.14
1961,"4",21808000,"Cod",36419.36
1961,"5",19488000,"Cod",52617.6
1961,"6",15034000,"Cod",65097.22
1961,"7",7900000,"Cod",43687
1961,"8",6925000,"Cod",43696.75
1961,"9",3969000,"Cod",27505.17
1961,"10",3211000,"Cod",23472.41
1961,"11",6756000,"Cod",50670
1961,"12",1202000,"Cod",10229.02
1961,"13",89000,"Cod",875.76
1961,"14",425000,"Cod",6183.75
1962,"3",13514000,"Cod",13378.86
1962,"4",28526000,"Cod",45926.86
1962,"5",18924000,"Cod",49391.64
1962,"6",14650000,"Cod",57135
1962,"7",12045000,"Cod",68897.4
1962,"8",4276000,"Cod",28478.16
1962,"9",8809000,"Cod",59460.75
1962,"10",2664000,"Cod",18807.84
1962,"11",1883000,"Cod",14197.82
1962,"12",2988000,"Cod",24740.64
1962,"13",405000,"Cod",4414.5
1962,"14",324000,"Cod",4155.624
1963,"3",18507000,"Cod",23133.75
1963,"4",28466000,"Cod",46968.9
1963,"5",19664000,"Cod",51912.96
1963,"6",11314000,"Cod",42993.2
1963,"7",15682000,"Cod",80135.02
1963,"8",7704000,"Cod",53311.68
1963,"9",2724000,"Cod",21356.16
1963,"10",6508000,"Cod",49525.88
1963,"11",1657000,"Cod",13637.11
1963,"12",1030000,"Cod",9373
1963,"13",1372000,"Cod",13610.24
1963,"14",246000,"Cod",2842.038
1964,"3",19287000,"Cod",23337.27
1964,"4",28845000,"Cod",50478.75
1964,"5",18712000,"Cod",49399.68
1964,"6",11620000,"Cod",46712.4
1964,"7",7936000,"Cod",43251.2
1964,"8",18032000,"Cod",116486.72
1964,"9",5040000,"Cod",40320
1964,"10",1437000,"Cod",14283.78
1964,"11",2670000,"Cod",24590.7
1964,"12",655000,"Cod",7165.7
1964,"13",370000,"Cod",4687.9
1964,"14",1025000,"Cod",16297.5
1965,"3",21658000,"Cod",22091.16
1965,"4",29586000,"Cod",45266.58
1965,"5",24783000,"Cod",63692.31
1965,"6",11706000,"Cod",47877.54
1965,"7",9334000,"Cod",50496.94
1965,"8",6394000,"Cod",40921.6
1965,"9",11122000,"Cod",79188.64
1965,"10",1477000,"Cod",12702.2
1965,"11",823000,"Cod",10131.13
1965,"12",489000,"Cod",5114.94
1965,"13",118000,"Cod",1202.42
1965,"14",489000,"Cod",8420.58
1966,"3",17910000,"Cod",20954.7
1966,"4",30649000,"Cod",51490.32
1966,"5",20006000,"Cod",51815.54
1966,"6",13872000,"Cod",57984.96
1966,"7",5942000,"Cod",34047.66
1966,"8",7586000,"Cod",52343.4
1966,"9",2320000,"Cod",18165.6
1966,"10",5583000,"Cod",47902.14
1966,"11",407000,"Cod",3699.63
1966,"12",363000,"Cod",5165.49
1966,"13",299000,"Cod",4212.91
1966,"14",311000,"Cod",5574.364
1967,"3",25945000,"Cod",29058.4
1967,"4",27941000,"Cod",50852.62
1967,"5",24322000,"Cod",64696.52
1967,"6",11320000,"Cod",46038.44
1967,"7",8751000,"Cod",48655.56
1967,"8",2595000,"Cod",20215.05
1967,"9",5490000,"Cod",43041.6
1967,"10",1392000,"Cod",11734.56
1967,"11",1998000,"Cod",18161.82
1967,"12",109000,"Cod",1099.81
1967,"13",30000,"Cod",427.2
1967,"14",106000,"Cod",1739.672
1968,"3",11933000,"Cod",13961.61
1968,"4",47311000,"Cod",75224.49
1968,"5",22344000,"Cod",59881.92
1968,"6",16277000,"Cod",63968.61
1968,"7",15590000,"Cod",78573.6
1968,"8",7059000,"Cod",41718.69
1968,"9",1571000,"Cod",11798.21
1968,"10",2506000,"Cod",21250.88
1968,"11",512000,"Cod",5504
1968,"12",659000,"Cod",7631.22
1968,"13",47000,"Cod",688.08
1968,"14",98000,"Cod",1569.078
1969,"3",11149000,"Cod",12263.9
1969,"4",23925000,"Cod",43304.25
1969,"5",45445000,"Cod",112703.6
1969,"6",17397000,"Cod",65586.69
1969,"7",12559000,"Cod",63297.36
1969,"8",14811000,"Cod",86792.46
1969,"9",1590000,"Cod",11130
1969,"10",475000,"Cod",3966.25
1969,"11",340000,"Cod",2964.8
1969,"12",64000,"Cod",645.12
1969,"13",24000,"Cod",274.32
1969,"14",21000,"Cod",276.024
1970,"3",9876000,"Cod",9777.24
1970,"4",47210000,"Cod",68454.5
1970,"5",23607000,"Cod",57601.08
1970,"6",25451000,"Cod",95950.27
1970,"7",15196000,"Cod",73852.56
1970,"8",12261000,"Cod",68538.99
1970,"9",14469000,"Cod",90575.94
1970,"10",567000,"Cod",4745.79
1970,"11",207000,"Cod",2171.43
1970,"12",147000,"Cod",1809.57
1970,"13",35000,"Cod",510.65
1970,"14",50000,"Cod",1088.85
1971,"3",13060000,"Cod",14235.4
1971,"4",35856000,"Cod",56293.92
1971,"5",45577000,"Cod",105282.87
1971,"6",21135000,"Cod",62982.3
1971,"7",17340000,"Cod",85486.2
1971,"8",10924000,"Cod",56258.6
1971,"9",6001000,"Cod",33485.58
1971,"10",4210000,"Cod",26523
1971,"11",237000,"Cod",2021.61
1971,"12",69000,"Cod",775.56
1971,"13",38000,"Cod",560.12
1971,"14",20000,"Cod",342.6
1972,"3",8973000,"Cod",8793.54
1972,"4",29574000,"Cod",43178.04
1972,"5",30918000,"Cod",68328.78
1972,"6",22855000,"Cod",74278.75
1972,"7",11097000,"Cod",48050.01
1972,"8",9784000,"Cod",54888.24
1972,"9",10538000,"Cod",63649.52
1972,"10",3938000,"Cod",24021.8
1972,"11",1242000,"Cod",8532.54
1972,"12",119000,"Cod",1065.05
1972,"13",31000,"Cod",363.32
1972,"14",1000,"Cod",16
1973,"3",36538000,"Cod",37634.14
1973,"4",25542000,"Cod",36269.64
1973,"5",27391000,"Cod",67655.77
1973,"6",17045000,"Cod",61362
1973,"7",12721000,"Cod",62332.9
1973,"8",3685000,"Cod",22515.35
1973,"9",4718000,"Cod",31469.06
1973,"10",5809000,"Cod",39210.75
1973,"11",1134000,"Cod",8425.62
1973,"12",282000,"Cod",2241.9
1973,"13",7000,"Cod",71.19
1973,"14",1000,"Cod",17
1974,"3",14846000,"Cod",15588.3
1974,"4",61826000,"Cod",105722.46
1974,"5",21824000,"Cod",53032.32
1974,"6",14413000,"Cod",55057.66
1974,"7",8974000,"Cod",47023.76
1974,"8",6216000,"Cod",41398.56
1974,"9",1647000,"Cod",11776.05
1974,"10",2530000,"Cod",19632.8
1974,"11",1765000,"Cod",14455.35
1974,"12",334000,"Cod",3266.52
1974,"13",62000,"Cod",767.56
1974,"14",28000,"Cod",411.6
1975,"3",29301000,"Cod",32231.1
1975,"4",29489000,"Cod",52195.53
1975,"5",44138000,"Cod",122703.64
1975,"6",12088000,"Cod",45450.88
1975,"7",9628000,"Cod",52472.6
1975,"8",3691000,"Cod",24692.79
1975,"9",2051000,"Cod",15526.07
1975,"10",752000,"Cod",6452.16
1975,"11",891000,"Cod",7849.71
1975,"12",416000,"Cod",4068.48
1975,"13",60000,"Cod",605.4
1975,"14",46000,"Cod",506
1976,"3",23578000,"Cod",31830.3
1976,"4",39790000,"Cod",70826.2
1976,"5",21092000,"Cod",55893.8
1976,"6",24395000,"Cod",100019.5
1976,"7",5803000,"Cod",29421.21
1976,"8",5343000,"Cod",35958.39
1976,"9",1297000,"Cod",10700.25
1976,"10",633000,"Cod",6083.13
1976,"11",205000,"Cod",2365.7
1976,"12",155000,"Cod",1771.65
1976,"13",65000,"Cod",913.9
1976,"14",29000,"Cod",469.22
1977,"3",2614000,"Cod",3291.026
1977,"4",42659000,"Cod",81521.349
1977,"5",32465000,"Cod",92720.04
1977,"6",12162000,"Cod",49487.178
1977,"7",13017000,"Cod",75199.209
1977,"8",2809000,"Cod",18640.524
1977,"9",1773000,"Cod",13625.505
1977,"10",421000,"Cod",4096.33
1977,"11",86000,"Cod",1006.458
1977,"12",24000,"Cod",345.456
1977,"13",6000,"Cod",104.736
1977,"14",2000,"Cod",48.232
1978,"3",5999000,"Cod",7732.711
1978,"4",16287000,"Cod",29854.071
1978,"5",43931000,"Cod",128673.899
1978,"6",17626000,"Cod",69710.83
1978,"7",8729000,"Cod",49982.254
1978,"8",4119000,"Cod",28033.914
1978,"9",978000,"Cod",8842.098
1978,"10",348000,"Cod",3781.02
1978,"11",119000,"Cod",1555.092
1978,"12",48000,"Cod",575.136
1978,"13",15000,"Cod",285.93
1978,"14",27000,"Cod",574.668
1979,"3",7186000,"Cod",10117.888
1979,"4",28427000,"Cod",55603.212
1979,"5",13772000,"Cod",36385.624
1979,"6",34443000,"Cod",137737.557
1979,"7",14130000,"Cod",78393.24
1979,"8",4426000,"Cod",29893.204
1979,"9",1432000,"Cod",11884.168
1979,"10",350000,"Cod",3259.2
1979,"11",168000,"Cod",2205.84
1979,"12",43000,"Cod",576.974
1979,"13",24000,"Cod",324.96
1979,"14",4000,"Cod",80.288
1980,"3",4348000,"Cod",6052.416
1980,"4",28530000,"Cod",53122.86
1980,"5",32500000,"Cod",88822.5
1980,"6",15119000,"Cod",56968.392
1980,"7",27090000,"Cod",142466.31
1980,"8",7847000,"Cod",54779.907
1980,"9",2228000,"Cod",17906.436
1980,"10",646000,"Cod",6932.226
1980,"11",246000,"Cod",3026.046
1980,"12",99000,"Cod",1710.819
1980,"13",25000,"Cod",372.325
1980,"14",4000,"Cod",76.276
1981,"3",2118000,"Cod",2499.24
1981,"4",13297000,"Cod",21953.347
1981,"5",39195000,"Cod",88580.7
1981,"6",23247000,"Cod",76552.371
1981,"7",12710000,"Cod",56978.93
1981,"8",26455000,"Cod",153994.555
1981,"9",4804000,"Cod",37178.156
1981,"10",1677000,"Cod",15800.694
1981,"11",582000,"Cod",6619.668
1981,"12",228000,"Cod",2914.752
1981,"13",53000,"Cod",663.242
1981,"14",68000,"Cod",1296.692
1982,"3",3285000,"Cod",3304.71
1982,"4",20812000,"Cod",32258.6
1982,"5",24462000,"Cod",54941.652
1982,"6",28351000,"Cod",88001.504
1982,"7",14012000,"Cod",59663.096
1982,"8",7666000,"Cod",41289.076
1982,"9",11517000,"Cod",76956.594
1982,"10",1912000,"Cod",17477.592
1982,"11",327000,"Cod",3911.901
1982,"12",94000,"Cod",1337.244
1982,"13",43000,"Cod",743.341
1982,"14",11000,"Cod",182.49
1983,"3",3554000,"Cod",3891.63
1983,"4",10910000,"Cod",17445.09
1983,"5",24305000,"Cod",55293.875
1983,"6",18944000,"Cod",57229.824
1983,"7",17382000,"Cod",71196.672
1983,"8",8381000,"Cod",45936.261
1983,"9",2054000,"Cod",14478.646
1983,"10",2733000,"Cod",22213.824
1983,"11",514000,"Cod",5658.626
1983,"12",215000,"Cod",3003.98
1983,"13",64000,"Cod",1016.448
1983,"14",37000,"Cod",684.426
1984,"3",6750000,"Cod",8694
1984,"4",31553000,"Cod",54428.925
1984,"5",19420000,"Cod",50414.32
1984,"6",15326000,"Cod",54882.406
1984,"7",8082000,"Cod",35326.422
1984,"8",7336000,"Cod",42534.128
1984,"9",2680000,"Cod",19982.08
1984,"10",512000,"Cod",5043.712
1984,"11",538000,"Cod",5945.976
1984,"12",195000,"Cod",2795.91
1984,"13",90000,"Cod",1374.57
1984,"14",36000,"Cod",599.76
1985,"3",6457000,"Cod",9084.999
1985,"4",24552000,"Cod",48391.992
1985,"5",35392000,"Cod",91169.792
1985,"6",18267000,"Cod",66674.55
1985,"7",8711000,"Cod",43345.936
1985,"8",4201000,"Cod",26768.772
1985,"9",2264000,"Cod",18580.648
1985,"10",1063000,"Cod",10970.16
1985,"11",217000,"Cod",2646.749
1985,"12",233000,"Cod",3421.139
1985,"13",102000,"Cod",1649.85
1985,"14",38000,"Cod",723.9
1986,"3",20642000,"Cod",30116.678
1986,"4",20330000,"Cod",39867.13
1986,"5",26644000,"Cod",75775.536
1986,"6",30839000,"Cod",110804.527
1986,"7",11413000,"Cod",52899.255
1986,"8",4441000,"Cod",27334.355
1986,"9",1771000,"Cod",13287.813
1986,"10",805000,"Cod",7312.62
1986,"11",392000,"Cod",4059.552
1986,"12",103000,"Cod",1574.149
1986,"13",76000,"Cod",1105.04
1986,"14",44000,"Cod",660.748
1987,"3",11002000,"Cod",14478.632
1987,"4",62130000,"Cod",121526.28
1987,"5",27192000,"Cod",73037.712
1987,"6",15127000,"Cod",58904.538
1987,"7",15695000,"Cod",74017.62
1987,"8",4159000,"Cod",26022.863
1987,"9",1463000,"Cod",10779.384
1987,"10",592000,"Cod",5471.856
1987,"11",253000,"Cod",2706.341
1987,"12",142000,"Cod",1508.324
1987,"13",46000,"Cod",731.124
1987,"14",58000,"Cod",730.336
1988,"3",6713000,"Cod",9653.294
1988,"4",39323000,"Cod",70978.015
1988,"5",55895000,"Cod",143985.52
1988,"6",18663000,"Cod",65675.097
1988,"7",6399000,"Cod",31547.07
1988,"8",5877000,"Cod",35267.877
1988,"9",1345000,"Cod",9608.68
1988,"10",455000,"Cod",4014.01
1988,"11",305000,"Cod",3042.985
1988,"12",157000,"Cod",1841.924
1988,"13",114000,"Cod",1613.784
1988,"14",25000,"Cod",326.05
1989,"3",2605000,"Cod",3089.53
1989,"4",27983000,"Cod",50733.179
1989,"5",50059000,"Cod",129652.81
1989,"6",31455000,"Cod",123146.325
1989,"7",6010000,"Cod",31312.1
1989,"8",1915000,"Cod",13198.18
1989,"9",881000,"Cod",7078.835
1989,"10",225000,"Cod",2211.975
1989,"11",107000,"Cod",1282.502
1989,"12",86000,"Cod",860.258
1989,"13",38000,"Cod",479.218
1989,"14",5000,"Cod",80.225
1990,"3",5785000,"Cod",7462.65
1990,"4",12313000,"Cod",20981.352
1990,"5",27179000,"Cod",64767.557
1990,"6",44534000,"Cod",135116.156
1990,"7",17037000,"Cod",78779.088
1990,"8",2573000,"Cod",16778.533
1990,"9",609000,"Cod",5412.792
1990,"10",322000,"Cod",3410.624
1990,"11",118000,"Cod",1297.174
1990,"12",50000,"Cod",728.5
1990,"13",15000,"Cod",235.98
1990,"14",20000,"Cod",345.8
1991,"3",8554000,"Cod",11197.186
1991,"4",25131000,"Cod",47723.769
1991,"5",15491000,"Cod",38340.225
1991,"6",21514000,"Cod",67962.726
1991,"7",25038000,"Cod",94944.096
1991,"8",6364000,"Cod",36147.52
1991,"9",903000,"Cod",6539.526
1991,"10",243000,"Cod",2382.372
1991,"11",125000,"Cod",1219.25
1991,"12",63000,"Cod",903.672
1991,"13",11000,"Cod",155.892
1991,"14",12000,"Cod",242.4
1992,"3",12217000,"Cod",15747.713
1992,"4",21708000,"Cod",38379.744
1992,"5",26524000,"Cod",65487.756
1992,"6",11413000,"Cod",37571.596
1992,"7",10073000,"Cod",44260.762
1992,"8",8304000,"Cod",46352.928
1992,"9",2006000,"Cod",13700.98
1992,"10",257000,"Cod",2088.639
1992,"11",46000,"Cod",583.234
1992,"12",32000,"Cod",429.12
1992,"13",9000,"Cod",141.435
1992,"14",8000,"Cod",90.136
1993,"3",20500000,"Cod",28536
1993,"4",33078000,"Cod",62418.186
1993,"5",15195000,"Cod",42120.54
1993,"6",13281000,"Cod",49963.122
1993,"7",3583000,"Cod",17664.19
1993,"8",2785000,"Cod",16860.39
1993,"9",2707000,"Cod",20167.15
1993,"10",1181000,"Cod",10205.021
1993,"11",180000,"Cod",1962.18
1993,"12",34000,"Cod",425.578
1993,"13",11000,"Cod",162.162
1993,"14",13000,"Cod",219.362
1994,"3",6160000,"Cod",8888.88
1994,"4",24142000,"Cod",49804.946
1994,"5",19666000,"Cod",50384.292
1994,"6",6968000,"Cod",25495.912
1994,"7",4393000,"Cod",22478.981
1994,"8",1257000,"Cod",7871.334
1994,"9",599000,"Cod",4623.681
1994,"10",508000,"Cod",4519.168
1994,"11",283000,"Cod",3069.701
1994,"12",49000,"Cod",630.826
1994,"13",18000,"Cod",265.356
1994,"14",6000,"Cod",104.82
1995,"3",10770000,"Cod",14517.96
1995,"4",9103000,"Cod",17832.777
1995,"5",16829000,"Cod",49140.68
1995,"6",13066000,"Cod",47364.25
1995,"7",4115000,"Cod",21299.24
1995,"8",1596000,"Cod",10239.936
1995,"9",313000,"Cod",2477.708
1995,"10",184000,"Cod",1890.232
1995,"11",156000,"Cod",1719.432
1995,"12",141000,"Cod",1608.387
1995,"13",29000,"Cod",379.842
1995,"14",8000,"Cod",121.456
1996,"3",5356000,"Cod",7803.692
1996,"4",14886000,"Cod",28729.98
1996,"5",7372000,"Cod",23089.104
1996,"6",12307000,"Cod",50963.287
1996,"7",9429000,"Cod",46409.538
1996,"8",2157000,"Cod",12961.413
1996,"9",837000,"Cod",6198.822
1996,"10",208000,"Cod",2032.576
1996,"11",76000,"Cod",800.964
1996,"12",65000,"Cod",877.695
1996,"13",55000,"Cod",752.895
1996,"14",5000,"Cod",80.97
1997,"3",1722000,"Cod",2555.448
1997,"4",16442000,"Cod",30861.634
1997,"5",17298000,"Cod",49783.644
1997,"6",6711000,"Cod",27031.908
1997,"7",7379000,"Cod",39861.358
1997,"8",5958000,"Cod",38047.788
1997,"9",1147000,"Cod",8423.568
1997,"10",493000,"Cod",4208.741
1997,"11",126000,"Cod",1360.422
1997,"12",28000,"Cod",322.924
1997,"13",37000,"Cod",385.836
1997,"14",21000,"Cod",268.548
1998,"3",3458000,"Cod",4253.34
1998,"4",7707000,"Cod",13487.25
1998,"5",25394000,"Cod",62418.452
1998,"6",20167000,"Cod",71774.353
1998,"7",5893000,"Cod",30720.209
1998,"8",3856000,"Cod",29833.872
1998,"9",2951000,"Cod",23126.987
1998,"10",5e+05,"Cod",4652
1998,"11",196000,"Cod",2108.764
1998,"12",55000,"Cod",819.665
1998,"13",33000,"Cod",549.483
1998,"14",13000,"Cod",242.658
1999,"3",2525000,"Cod",3133.525
1999,"4",19554000,"Cod",33554.664
1999,"5",15226000,"Cod",36938.276
1999,"6",24622000,"Cod",84773.546
1999,"7",12966000,"Cod",61199.52
1999,"8",2795000,"Cod",17753.84
1999,"9",1489000,"Cod",12998.97
1999,"10",748000,"Cod",7439.608
1999,"11",140000,"Cod",1552.32
1999,"12",46000,"Cod",576.61
1999,"13",10000,"Cod",149.95
1999,"14",5000,"Cod",75.755
2000,"3",10493000,"Cod",13724.844
2000,"4",6581000,"Cod",11727.342
2000,"5",29080000,"Cod",67756.4
2000,"6",11227000,"Cod",36510.204
2000,"7",11390000,"Cod",53419.1
2000,"8",5714000,"Cod",33678.316
2000,"9",1104000,"Cod",8621.136
2000,"10",567000,"Cod",5218.101
2000,"11",314000,"Cod",3215.36
2000,"12",74000,"Cod",826.728
2000,"13",22000,"Cod",289.784
2000,"14",6000,"Cod",104.652
2001,"3",13553000,"Cod",20112.652
2001,"4",2.6e+07,"Cod",52442
2001,"5",9111000,"Cod",23952.819
2001,"6",20213000,"Cod",67956.106
2001,"7",5850000,"Cod",26646.75
2001,"8",3760000,"Cod",23263.12
2001,"9",2028000,"Cod",14447.472
2001,"10",508000,"Cod",4290.06
2001,"11",199000,"Cod",1852.889
2001,"12",137000,"Cod",1310.542
2001,"13",13000,"Cod",133.146
2001,"14",31000,"Cod",294.593
2002,"3",6019000,"Cod",7878.871
2002,"4",17776000,"Cod",34609.872
2002,"5",24030000,"Cod",64015.92
2002,"6",7160000,"Cod",26048.08
2002,"7",9424000,"Cod",42888.624
2002,"8",2451000,"Cod",14527.077
2002,"9",1555000,"Cod",11014.065
2002,"10",738000,"Cod",5977.8
2002,"11",150000,"Cod",1391.4
2002,"12",58000,"Cod",676.28
2002,"13",41000,"Cod",460.061
2002,"14",4000,"Cod",56.116
2003,"3",5490000,"Cod",7411.5
2003,"4",16313000,"Cod",30440.058
2003,"5",22045000,"Cod",54208.655
2003,"6",16628000,"Cod",56385.548
2003,"7",4840000,"Cod",21199.2
2003,"8",4933000,"Cod",23461.348
2003,"9",1201000,"Cod",7375.341
2003,"10",507000,"Cod",3618.966
2003,"11",211000,"Cod",2021.38
2003,"12",46000,"Cod",471.96
2003,"13",26000,"Cod",298.454
2003,"14",33000,"Cod",353.76
2004,"3",1784000,"Cod",2031.976
2004,"4",17960000,"Cod",31501.84
2004,"5",24043000,"Cod",58015.759
2004,"6",17901000,"Cod",60380.073
2004,"7",10166000,"Cod",43591.808
2004,"8",2880000,"Cod",14932.8
2004,"9",1978000,"Cod",11355.698
2004,"10",499000,"Cod",3680.624
2004,"11",162000,"Cod",1626.156
2004,"12",87000,"Cod",898.014
2004,"13",19000,"Cod",236.132
2004,"14",8000,"Cod",91.616
2005,"3",5271000,"Cod",6304.116
2005,"4",5302000,"Cod",9198.97
2005,"5",26183000,"Cod",63389.043
2005,"6",16922000,"Cod",57450.19
2005,"7",8543000,"Cod",36666.556
2005,"8",4890000,"Cod",24738.51
2005,"9",1292000,"Cod",8053.036
2005,"10",790000,"Cod",4837.96
2005,"11",216000,"Cod",1720.224
2005,"12",96000,"Cod",967.2
2005,"13",37000,"Cod",472.712
2005,"14",5000,"Cod",68.595
2006,"3",3446000,"Cod",3749.248
2006,"4",13108000,"Cod",21261.176
2006,"5",8834000,"Cod",19478.97
2006,"6",22063000,"Cod",67336.276
2006,"7",10540000,"Cod",44953.1
2006,"8",4683000,"Cod",23311.974
2006,"9",2164000,"Cod",11441.068
2006,"10",471000,"Cod",2839.188
2006,"11",240000,"Cod",2029.2
2006,"12",40000,"Cod",446.16
2006,"13",16000,"Cod",201.728
2006,"14",10000,"Cod",153.81
2007,"3",2054000,"Cod",2183.402
2007,"4",11639000,"Cod",18564.205
2007,"5",15937000,"Cod",34726.723
2007,"6",8599000,"Cod",23999.809
2007,"7",9894000,"Cod",38200.734
2007,"8",5680000,"Cod",29303.12
2007,"9",2281000,"Cod",13391.751
2007,"10",1139000,"Cod",7295.295
2007,"11",332000,"Cod",2384.424
2007,"12",88000,"Cod",836.528
2007,"13",67000,"Cod",697.202
2007,"14",6000,"Cod",63.192
2008,"3",3104000,"Cod",3408.192
2008,"4",5126000,"Cod",8191.348
2008,"5",12849000,"Cod",30375.036
2008,"6",11641000,"Cod",36552.74
2008,"7",5153000,"Cod",20560.47
2008,"8",4708000,"Cod",24782.912
2008,"9",2139000,"Cod",13867.137
2008,"10",880000,"Cod",6482.96
2008,"11",280000,"Cod",2179.52
2008,"12",67000,"Cod",703.835
2008,"13",43000,"Cod",499.703
2008,"14",4000,"Cod",72.368
2009,"3",3458000,"Cod",3789.968
2009,"4",7926000,"Cod",13204.716
2009,"5",9626000,"Cod",21234.956
2009,"6",17895000,"Cod",57031.365
2009,"7",10503000,"Cod",42631.677
2009,"8",3888000,"Cod",19533.312
2009,"9",2295000,"Cod",15259.455
2009,"10",742000,"Cod",6198.668
2009,"11",315000,"Cod",3001.635
2009,"12",89000,"Cod",996.177
2009,"13",22000,"Cod",258.742
2009,"14",12000,"Cod",179.016
2010,"3",3511000,"Cod",3862.1
2010,"4",7730000,"Cod",14099.52
2010,"5",9591000,"Cod",22586.805
2010,"6",8448000,"Cod",27143.424
2010,"7",10922000,"Cod",48941.482
2010,"8",5546000,"Cod",30297.798
2010,"9",1566000,"Cod",10554.84
2010,"10",924000,"Cod",7416.024
2010,"11",299000,"Cod",2681.731
2010,"12",144000,"Cod",1500.336
2010,"13",63000,"Cod",733.824
2010,"14",17000,"Cod",207.485
2011,"3",4001000,"Cod",4437.109
2011,"4",7845000,"Cod",13022.7
2011,"5",10576000,"Cod",26566.912
2011,"6",10820000,"Cod",37253.26
2011,"7",6287000,"Cod",27687.948
2011,"8",6292000,"Cod",36386.636
2011,"9",2429000,"Cod",15851.654
2011,"10",680000,"Cod",5323.04
2011,"11",419000,"Cod",3689.714
2011,"12",134000,"Cod",1294.708
2011,"13",40000,"Cod",517.64
2011,"14",16000,"Cod",186.384
2012,"3",4056000,"Cod",4786.08
2012,"4",11249000,"Cod",18279.625
2012,"5",10814000,"Cod",26407.788
2012,"6",9560000,"Cod",35792.64
2012,"7",8918000,"Cod",41977.026
2012,"8",5009000,"Cod",29678.325
2012,"9",3213000,"Cod",23676.597
2012,"10",1152000,"Cod",9202.176
2012,"11",292000,"Cod",2660.412
2012,"12",227000,"Cod",2433.44
2012,"13",81000,"Cod",975.402
2012,"14",26000,"Cod",301.808
2013,"3",5778000,"Cod",6540.696
2013,"4",12224000,"Cod",21306.432
2013,"5",15347000,"Cod",37615.497
2013,"6",11414000,"Cod",41227.368
2013,"7",7594000,"Cod",37483.984
2013,"8",5792000,"Cod",35476
2013,"9",2571000,"Cod",18940.557
2013,"10",1832000,"Cod",14906.984
2013,"11",653000,"Cod",5989.969
2013,"12",209000,"Cod",2115.289
2013,"13",146000,"Cod",1521.466
2013,"14",36000,"Cod",457.272
2014,"3",4630000,"Cod",5176.34
2014,"4",8365000,"Cod",14563.465
2014,"5",14898000,"Cod",37572.756
2014,"6",13262000,"Cod",46655.716
2014,"7",8426000,"Cod",39408.402
2014,"8",4930000,"Cod",30358.94
2014,"9",2816000,"Cod",21080.576
2014,"10",1395000,"Cod",11977.47
2014,"11",964000,"Cod",8644.188
2014,"12",376000,"Cod",3954.768
2014,"13",127000,"Cod",1306.322
2014,"14",107000,"Cod",1321.878
2015,"3",5229000,"Cod",6253.884
2015,"4",13361000,"Cod",21952.123
2015,"5",10350000,"Cod",27562.05
2015,"6",13897000,"Cod",50015.303
2015,"7",9409000,"Cod",43685.987
2015,"8",5616000,"Cod",33241.104
2015,"9",2441000,"Cod",18524.749
2015,"10",1552000,"Cod",13347.2
2015,"11",953000,"Cod",9230.758
2015,"12",407000,"Cod",4561.656
2015,"13",125000,"Cod",1416
2015,"14",36000,"Cod",374.112
2016,"3",2667000,"Cod",2936.367
2016,"4",11179000,"Cod",20021.589
2016,"5",11886000,"Cod",29833.86
2016,"6",10989000,"Cod",41197.761
2016,"7",12746000,"Cod",59383.614
2016,"8",7345000,"Cod",43827.615
2016,"9",3232000,"Cod",23231.616
2016,"10",1590000,"Cod",13570.65
2016,"11",847000,"Cod",8580.11
2016,"12",537000,"Cod",5756.103
2016,"13",184000,"Cod",2101.464
2016,"14",56000,"Cod",778.344
2017,"3",5174000,"Cod",5230.914
2017,"4",8033000,"Cod",14138.08
2017,"5",13630000,"Cod",34088.63
2017,"6",13590000,"Cod",47007.81
2017,"7",7632000,"Cod",36549.648
2017,"8",7459000,"Cod",44224.411
2017,"9",3904000,"Cod",28069.76
2017,"10",2005000,"Cod",16976.335
2017,"11",761000,"Cod",7226.456
2017,"12",517000,"Cod",5699.925
2017,"13",251000,"Cod",2895.285
2017,"14",143000,"Cod",1837.979
2018,"3",4905000,"Cod",5792.805
2018,"4",12805000,"Cod",23010.585
2018,"5",8403000,"Cod",23595.624
2018,"6",14206000,"Cod",53528.208
2018,"7",11364000,"Cod",52172.124
2018,"8",7124000,"Cod",43641.624
2018,"9",4418000,"Cod",31376.636
2018,"10",2047000,"Cod",17855.981
2018,"11",852000,"Cod",8069.292
2018,"12",506000,"Cod",5124.262
2018,"13",176000,"Cod",1834.272
2018,"14",105000,"Cod",1219.785
2019,"3",2916000,"Cod",3367.98
2019,"4",8467000,"Cod",14072.154
2019,"5",13461000,"Cod",33383.28
2019,"6",9095000,"Cod",34315.435
2019,"7",8974000,"Cod",42922.642
2019,"8",7801000,"Cod",42936.704
2019,"9",4182000,"Cod",27617.928
2019,"10",3973000,"Cod",32161.435
2019,"11",2033000,"Cod",17975.786
2019,"12",748000,"Cod",7925.808
2019,"13",354000,"Cod",4137.198
2019,"14",184000,"Cod",2208.552
2020,"3",3284000,"Cod",3287.284
2020,"4",10770000,"Cod",19159.83
2020,"5",18092000,"Cod",44035.928
2020,"6",18630000,"Cod",60547.5
2020,"7",7373000,"Cod",32256.875
2020,"8",6139000,"Cod",33463.689
2020,"9",4384000,"Cod",28969.472
2020,"10",2468000,"Cod",19344.184
2020,"11",1511000,"Cod",12819.324
2020,"12",912000,"Cod",8783.472
2020,"13",458000,"Cod",4397.258
2020,"14",270000,"Cod",3225.15
2021,"3",4071000,"Cod",5182.383
2021,"4",8397000,"Cod",16080.255
2021,"5",9783000,"Cod",29466.396
2021,"6",17340000,"Cod",63395.04
2021,"7",11149000,"Cod",50950.93
2021,"8",4337000,"Cod",25488.549
2021,"9",3344000,"Cod",23321.056
2021,"10",2217000,"Cod",17489.913
2021,"11",1589000,"Cod",13900.572
2021,"12",1180000,"Cod",10982.26
2021,"13",593000,"Cod",5832.748
2021,"14",352000,"Cod",3636.512
2022,"3",3217000,"Cod",4545.621
2022,"4",7295000,"Cod",13554.11
2022,"5",13181000,"Cod",34863.745
2022,"6",11570000,"Cod",50179.09
2022,"7",13052000,"Cod",64072.268
2022,"8",4933000,"Cod",30569.801
2022,"9",1679000,"Cod",12585.784
2022,"10",1376000,"Cod",11804.704
2022,"11",798000,"Cod",7528.332
2022,"12",522000,"Cod",5205.384
2022,"13",326000,"Cod",3520.474
2022,"14",328000,"Cod",3748.056
1979,"2",444000,"Haddock",268.176
1979,"3",1996000,"Haddock",1980.032
1979,"4",4238000,"Haddock",6026.436
1979,"5",8579000,"Haddock",15742.465
1979,"6",8734000,"Haddock",21075.142
1979,"7",3763000,"Haddock",12090.519
1979,"8",352000,"Haddock",1306.976
1979,"9",76000,"Haddock",288.648
1979,"10",98000,"Haddock",546.056
1980,"2",0,"Haddock",0
1980,"3",2222000,"Haddock",1793.154
1980,"4",14138000,"Haddock",18280.434
1980,"5",5356000,"Haddock",11236.888
1980,"6",4090000,"Haddock",10699.44
1980,"7",3287000,"Haddock",9887.296
1980,"8",430000,"Haddock",1544.99
1980,"9",60000,"Haddock",295.44
1980,"10",27000,"Haddock",135.513
1981,"2",0,"Haddock",0
1981,"3",544000,"Haddock",571.2
1981,"4",6599000,"Haddock",7635.043
1981,"5",19310000,"Haddock",33174.58
1981,"6",5870000,"Haddock",13489.26
1981,"7",2280000,"Haddock",7081.68
1981,"8",1387000,"Haddock",4622.871
1981,"9",121000,"Haddock",461.01
1981,"10",19000,"Haddock",94.107
1982,"2",5803,"Haddock",3.209059
1982,"3",258000,"Haddock",251.034
1982,"4",2831000,"Haddock",4147.415
1982,"5",11210000,"Haddock",18496.5
1982,"6",14438000,"Haddock",33135.21
1982,"7",2096000,"Haddock",6162.24
1982,"8",1003000,"Haddock",3338.987
1982,"9",761000,"Haddock",2910.064
1982,"10",222000,"Haddock",928.626
1983,"2",0,"Haddock",0
1983,"3",1159000,"Haddock",1102.209
1983,"4",1541000,"Haddock",2313.041
1983,"5",4752000,"Haddock",9114.336
1983,"6",10348000,"Haddock",24400.584
1983,"7",8782000,"Haddock",24747.676
1983,"8",718000,"Haddock",2434.738
1983,"9",201000,"Haddock",842.391
1983,"10",210000,"Haddock",919.8
1984,"2",33000,"Haddock",36.366
1984,"3",969000,"Haddock",897.294
1984,"4",5343000,"Haddock",7619.118
1984,"5",1564000,"Haddock",3020.084
1984,"6",4923000,"Haddock",11770.893
1984,"7",3682000,"Haddock",11329.514
1984,"8",4281000,"Haddock",12209.412
1984,"9",263000,"Haddock",1010.709
1984,"10",90000,"Haddock",342.09
1985,"2",7e+05,"Haddock",656.6
1985,"3",1322000,"Haddock",1529.554
1985,"4",5822000,"Haddock",9827.536
1985,"5",8537000,"Haddock",17705.738
1985,"6",1203000,"Haddock",3137.424
1985,"7",1955000,"Haddock",5894.325
1985,"8",2013000,"Haddock",6308.742
1985,"9",1474000,"Haddock",5363.886
1985,"10",129000,"Haddock",533.931
1986,"2",49000,"Haddock",53.41
1986,"3",3147000,"Haddock",3877.104
1986,"4",4798000,"Haddock",8458.874
1986,"5",5076000,"Haddock",12177.324
1986,"6",5412000,"Haddock",14715.228
1986,"7",499000,"Haddock",1735.522
1986,"8",821000,"Haddock",2962.168
1986,"9",825000,"Haddock",3316.5
1986,"10",370000,"Haddock",1568.43
1987,"2",2133000,"Haddock",1047.303
1987,"3",9130000,"Haddock",9842.14
1987,"4",7927000,"Haddock",12928.937
1987,"5",2882000,"Haddock",6795.756
1987,"6",2091000,"Haddock",5913.348
1987,"7",928000,"Haddock",3044.768
1987,"8",86000,"Haddock",322.156
1987,"9",90000,"Haddock",357.84
1987,"10",204000,"Haddock",731.748
1988,"2",206000,"Haddock",79.722
1988,"3",8411000,"Haddock",6930.664
1988,"4",15522000,"Haddock",22910.472
1988,"5",6130000,"Haddock",13357.27
1988,"6",1294000,"Haddock",3684.018
1988,"7",1020000,"Haddock",3581.22
1988,"8",615000,"Haddock",2297.64
1988,"9",58000,"Haddock",259.318
1988,"10",228000,"Haddock",1019.616
1989,"2",104000,"Haddock",82.784
1989,"3",3843000,"Haddock",3255.021
1989,"4",21726000,"Haddock",26549.172
1989,"5",9843000,"Haddock",19774.587
1989,"6",3061000,"Haddock",8671.813
1989,"7",397000,"Haddock",1552.667
1989,"8",419000,"Haddock",1521.808
1989,"9",150000,"Haddock",700.2
1989,"10",123000,"Haddock",628.776
1990,"2",0,"Haddock",0
1990,"3",1635000,"Haddock",1268.76
1990,"4",7703000,"Haddock",8296.131
1990,"5",23503000,"Haddock",36476.656
1990,"6",6734000,"Haddock",16087.526
1990,"7",1052000,"Haddock",3536.824
1990,"8",192000,"Haddock",729.6
1990,"9",67000,"Haddock",321.131
1990,"10",77000,"Haddock",353.507
1991,"2",344000,"Haddock",221.88
1991,"3",2074000,"Haddock",1930.894
1991,"4",3846000,"Haddock",4715.196
1991,"5",6678000,"Haddock",11012.022
1991,"6",12866000,"Haddock",26722.682
1991,"7",3190000,"Haddock",8568.34
1991,"8",396000,"Haddock",1300.86
1991,"9",36000,"Haddock",129.96
1991,"10",22000,"Haddock",118.426
1992,"2",783000,"Haddock",243.513
1992,"3",6652000,"Haddock",6565.524
1992,"4",4885000,"Haddock",6633.83
1992,"5",4273000,"Haddock",7080.361
1992,"6",4020000,"Haddock",8277.18
1992,"7",5602000,"Haddock",14066.622
1992,"8",1236000,"Haddock",3752.496
1992,"9",116000,"Haddock",474.44
1992,"10",28000,"Haddock",118.58
1993,"2",134000,"Haddock",79.596
1993,"3",10586000,"Haddock",8320.596
1993,"4",13101000,"Haddock",17974.572
1993,"5",3315000,"Haddock",6278.61
1993,"6",1672000,"Haddock",4029.52
1993,"7",1418000,"Haddock",4191.608
1993,"8",2166000,"Haddock",6695.106
1993,"9",329000,"Haddock",1136.366
1993,"10",43000,"Haddock",179.224
1994,"2",379000,"Haddock",226.263
1994,"3",3563000,"Haddock",2608.116
1994,"4",28575000,"Haddock",30403.8
1994,"5",11122000,"Haddock",18951.888
1994,"6",1563000,"Haddock",3616.782
1994,"7",674000,"Haddock",1833.954
1994,"8",390000,"Haddock",1258.53
1994,"9",687000,"Haddock",2183.286
1994,"10",137000,"Haddock",531.423
1995,"2",1205000,"Haddock",713.36
1995,"3",6068000,"Haddock",5218.48
1995,"4",6241000,"Haddock",7120.981
1995,"5",24121000,"Haddock",32732.197
1995,"6",5689000,"Haddock",11611.249
1995,"7",591000,"Haddock",1649.481
1995,"8",231000,"Haddock",708.246
1995,"9",179000,"Haddock",650.307
1995,"10",331000,"Haddock",1105.54
1996,"2",450000,"Haddock",217.35
1996,"3",8243000,"Haddock",7352.756
1996,"4",6350000,"Haddock",8128
1996,"5",4624000,"Haddock",7366.032
1996,"6",13699000,"Haddock",25726.722
1996,"7",2489000,"Haddock",6705.366
1996,"8",235000,"Haddock",879.37
1996,"9",89000,"Haddock",314.437
1996,"10",133000,"Haddock",529.207
1997,"2",1099000,"Haddock",582.47
1997,"3",3560000,"Haddock",2848
1997,"4",10633000,"Haddock",12515.041
1997,"5",4769000,"Haddock",7911.771
1997,"6",2579000,"Haddock",5052.261
1997,"7",5230000,"Haddock",12374.18
1997,"8",779000,"Haddock",2393.088
1997,"9",63000,"Haddock",199.899
1997,"10",69000,"Haddock",258.336
1998,"2",157000,"Haddock",90.275
1998,"3",8411000,"Haddock",5736.302
1998,"4",5312000,"Haddock",6204.416
1998,"5",8010000,"Haddock",13456.8
1998,"6",2446000,"Haddock",5479.04
1998,"7",1556000,"Haddock",3938.236
1998,"8",1993000,"Haddock",5729.875
1998,"9",218000,"Haddock",732.698
1998,"10",32000,"Haddock",126.976
1999,"2",839000,"Haddock",541.994
1999,"3",1340000,"Haddock",1266.3
1999,"4",16168000,"Haddock",18108.16
1999,"5",4611000,"Haddock",7700.37
1999,"6",5178000,"Haddock",11458.914
1999,"7",989000,"Haddock",2609.971
1999,"8",655000,"Haddock",1880.505
1999,"9",543000,"Haddock",1756.062
1999,"10",73000,"Haddock",271.998
2000,"2",2193000,"Haddock",1206.15
2000,"3",5368000,"Haddock",5437.784
2000,"4",2221000,"Haddock",2960.593
2000,"5",13624000,"Haddock",20286.136
2000,"6",1998000,"Haddock",4201.794
2000,"7",1771000,"Haddock",4677.211
2000,"8",351000,"Haddock",1153.035
2000,"9",223000,"Haddock",801.016
2000,"10",179000,"Haddock",664.448
2001,"2",2410000,"Haddock",1354.42
2001,"3",10972000,"Haddock",10357.568
2001,"4",7019000,"Haddock",10107.36
2001,"5",1477000,"Haddock",2549.302
2001,"6",6659000,"Haddock",12132.698
2001,"7",710000,"Haddock",1596.79
2001,"8",493000,"Haddock",1413.431
2001,"9",97000,"Haddock",304.192
2001,"10",97000,"Haddock",404.199
2002,"2",1028000,"Haddock",617.828
2002,"3",10564000,"Haddock",9729.444
2002,"4",16224000,"Haddock",20458.464
2002,"5",5104000,"Haddock",8717.632
2002,"6",1100000,"Haddock",2406.8
2002,"7",3152000,"Haddock",6899.728
2002,"8",250000,"Haddock",690.25
2002,"9",173000,"Haddock",556.887
2002,"10",96000,"Haddock",421.824
2003,"2",344000,"Haddock",187.136
2003,"3",6377000,"Haddock",5924.233
2003,"4",16406000,"Haddock",20884.838
2003,"5",12714000,"Haddock",21359.52
2003,"6",2926000,"Haddock",6639.094
2003,"7",787000,"Haddock",2102.864
2003,"8",1295000,"Haddock",3372.18
2003,"9",92000,"Haddock",260.268
2003,"10",81000,"Haddock",307.962
2004,"2",1298000,"Haddock",752.84
2004,"3",4171000,"Haddock",4137.632
2004,"4",17725000,"Haddock",21908.1
2004,"5",19508000,"Haddock",30647.068
2004,"6",9092000,"Haddock",18447.668
2004,"7",1931000,"Haddock",5302.526
2004,"8",502000,"Haddock",1605.898
2004,"9",519000,"Haddock",1534.683
2004,"10",135000,"Haddock",498.015
2005,"2",1505000,"Haddock",648.655
2005,"3",9816000,"Haddock",8589
2005,"4",7200000,"Haddock",9021.6
2005,"5",25744000,"Haddock",38332.816
2005,"6",13846000,"Haddock",26252.016
2005,"7",4748000,"Haddock",10758.968
2005,"8",831000,"Haddock",2468.901
2005,"9",232000,"Haddock",723.608
2005,"10",224000,"Haddock",634.816
2006,"2",152000,"Haddock",73.72
2006,"3",9568000,"Haddock",7118.592
2006,"4",21031000,"Haddock",22797.604
2006,"5",6511000,"Haddock",9584.192
2006,"6",19511000,"Haddock",33929.629
2006,"7",7889000,"Haddock",16961.35
2006,"8",2207000,"Haddock",5585.917
2006,"9",332000,"Haddock",1023.556
2006,"10",188000,"Haddock",637.508
2007,"2",608000,"Haddock",331.36
2007,"3",3458000,"Haddock",2600.416
2007,"4",41721000,"Haddock",40552.812
2007,"5",23127000,"Haddock",30573.894
2007,"6",3444000,"Haddock",6199.2
2007,"7",10390000,"Haddock",20977.41
2007,"8",2852000,"Haddock",6665.124
2007,"9",540000,"Haddock",1405.62
2007,"10",164000,"Haddock",499.544
2008,"2",1102000,"Haddock",569.734
2008,"3",3087000,"Haddock",2241.162
2008,"4",8577000,"Haddock",7693.569
2008,"5",52882000,"Haddock",60073.952
2008,"6",11568000,"Haddock",18242.736
2008,"7",1840000,"Haddock",3906.32
2008,"8",3152000,"Haddock",7454.48
2008,"9",817000,"Haddock",2192.828
2008,"10",203000,"Haddock",513.387
2009,"2",939000,"Haddock",462.927
2009,"3",3109000,"Haddock",2574.252
2009,"4",4842000,"Haddock",4624.11
2009,"5",9266000,"Haddock",10229.664
2009,"6",35700000,"Haddock",47695.2
2009,"7",5891000,"Haddock",10197.321
2009,"8",722000,"Haddock",1630.998
2009,"9",1403000,"Haddock",3469.619
2009,"10",464000,"Haddock",1365.552
2010,"2",149000,"Haddock",59.451
2010,"3",6010000,"Haddock",4609.67
2010,"4",6999000,"Haddock",7565.919
2010,"5",5296000,"Haddock",6710.032
2010,"6",6725000,"Haddock",9657.1
2010,"7",17658000,"Haddock",29382.912
2010,"8",1877000,"Haddock",4024.288
2010,"9",375000,"Haddock",867.75
2010,"10",525000,"Haddock",1355.025
2011,"2",201000,"Haddock",132.66
2011,"3",1582000,"Haddock",1488.662
2011,"4",11729000,"Haddock",13206.854
2011,"5",4956000,"Haddock",7136.64
2011,"6",2781000,"Haddock",4680.423
2011,"7",4044000,"Haddock",7703.82
2011,"8",6339000,"Haddock",13121.73
2011,"9",525000,"Haddock",1338.75
2011,"10",212000,"Haddock",634.728
2012,"2",161000,"Haddock",109.802
2012,"3",1261000,"Haddock",1228.214
2012,"4",3476000,"Haddock",4146.868
2012,"5",13224000,"Haddock",19346.712
2012,"6",2323000,"Haddock",4404.408
2012,"7",1269000,"Haddock",2680.128
2012,"8",2565000,"Haddock",5943.105
2012,"9",2691000,"Haddock",7117.695
2012,"10",367000,"Haddock",1055.492
2013,"2",211000,"Haddock",147.489
2013,"3",1060000,"Haddock",1111.94
2013,"4",2882000,"Haddock",3896.464
2013,"5",4031000,"Haddock",6675.336
2013,"6",9339000,"Haddock",18780.729
2013,"7",1238000,"Haddock",2956.344
2013,"8",683000,"Haddock",1756.676
2013,"9",1261000,"Haddock",3835.962
2013,"10",1568000,"Haddock",4829.44
2014,"2",143000,"Haddock",98.813
2014,"3",1398000,"Haddock",1516.83
2014,"4",1779000,"Haddock",2487.042
2014,"5",2706000,"Haddock",4803.15
2014,"6",2881000,"Haddock",6024.171
2014,"7",4919000,"Haddock",12110.578
2014,"8",483000,"Haddock",1240.344
2014,"9",382000,"Haddock",1201.39
2014,"10",1305000,"Haddock",4168.17
2015,"2",134000,"Haddock",95.274
2015,"3",1538000,"Haddock",1665.654
2015,"4",4282000,"Haddock",6375.898
2015,"5",2376000,"Haddock",4744.872
2015,"6",2937000,"Haddock",6810.903
2015,"7",2591000,"Haddock",7221.117
2015,"8",2676000,"Haddock",8822.772
2015,"9",230000,"Haddock",725.65
2015,"10",789000,"Haddock",3048.696
2016,"2",377000,"Haddock",225.823
2016,"3",1738000,"Haddock",1828.376
2016,"4",3527000,"Haddock",5473.904
2016,"5",4163000,"Haddock",8280.207
2016,"6",1783000,"Haddock",4557.348
2016,"7",1972000,"Haddock",5750.352
2016,"8",1466000,"Haddock",5183.776
2016,"9",1355000,"Haddock",4830.575
2016,"10",478000,"Haddock",1959.322
2017,"2",320000,"Haddock",255.68
2017,"3",3809000,"Haddock",3675.685
2017,"4",3071000,"Haddock",4959.665
2017,"5",2992000,"Haddock",5909.2
2017,"6",3195000,"Haddock",7914.015
2017,"7",1078000,"Haddock",3198.426
2017,"8",1167000,"Haddock",4079.832
2017,"9",770000,"Haddock",2900.59
2017,"10",887000,"Haddock",3567.514
2018,"2",275000,"Haddock",206.25
2018,"3",3851000,"Haddock",4278.461
2018,"4",11032000,"Haddock",15566.152
2018,"5",2901000,"Haddock",5871.624
2018,"6",2906000,"Haddock",7442.266
2018,"7",2248000,"Haddock",6622.608
2018,"8",883000,"Haddock",2970.412
2018,"9",565000,"Haddock",2036.825
2018,"10",877000,"Haddock",3495.722
2019,"2",112000,"Haddock",104.272
2019,"3",2466000,"Haddock",2510.388
2019,"4",6509000,"Haddock",9464.086
2019,"5",13897000,"Haddock",25084.085
2019,"6",1847000,"Haddock",5147.589
2019,"7",1368000,"Haddock",4179.24
2019,"8",1408000,"Haddock",4553.472
2019,"9",554000,"Haddock",2129.576
2019,"10",1083000,"Haddock",4407.81
2020,"2",211000,"Haddock",245.393
2020,"3",3813000,"Haddock",3946.455
2020,"4",5369000,"Haddock",7956.858
2020,"5",6537000,"Haddock",13348.554
2020,"6",8396000,"Haddock",19839.748
2020,"7",828000,"Haddock",2454.192
2020,"8",619000,"Haddock",2092.839
2020,"9",557000,"Haddock",2032.493
2020,"10",662000,"Haddock",2554.658
2021,"2",268000,"Haddock",186.528
2021,"3",1073000,"Haddock",1082.657
2021,"4",9284000,"Haddock",13053.304
2021,"5",5325000,"Haddock",9675.525
2021,"6",4254000,"Haddock",10341.474
2021,"7",6378000,"Haddock",17826.51
2021,"8",521000,"Haddock",1789.635
2021,"9",317000,"Haddock",1261.977
2021,"10",517000,"Haddock",2104.707
2022,"2",39000,"Haddock",22.113
2022,"3",4213000,"Haddock",4453.141
2022,"4",2245000,"Haddock",3724.455
2022,"5",11624000,"Haddock",22864.408
2022,"6",4038000,"Haddock",10260.558
2022,"7",2301000,"Haddock",7340.19
2022,"8",2445000,"Haddock",8342.34
2022,"9",128000,"Haddock",449.536
2022,"10",254000,"Haddock",1098.296
1980,"3",275000,"Saithe",392.7
1980,"4",2540000,"Saithe",5036.82
1980,"5",5214000,"Saithe",13905.738
1980,"6",2596000,"Saithe",9576.644
1980,"7",2169000,"Saithe",11732.121
1980,"8",1341000,"Saithe",8476.461
1980,"9",387000,"Saithe",2791.431
1980,"10",262000,"Saithe",2244.03
1980,"11",155000,"Saithe",1417.785
1980,"12",112000,"Saithe",1077.104
1980,"13",64000,"Saithe",640
1980,"14",33000,"Saithe",363
1981,"3",203000,"Saithe",321.755
1981,"4",1325000,"Saithe",2699.025
1981,"5",3503000,"Saithe",9444.088
1981,"6",5404000,"Saithe",19049.1
1981,"7",1457000,"Saithe",6616.237
1981,"8",1415000,"Saithe",8839.505
1981,"9",578000,"Saithe",4040.798
1981,"10",242000,"Saithe",1984.884
1981,"11",61000,"Saithe",581.757
1981,"12",154000,"Saithe",1399.706
1981,"13",135000,"Saithe",1262.385
1981,"14",128000,"Saithe",1280
1982,"3",508000,"Saithe",785.876
1982,"4",1092000,"Saithe",2395.848
1982,"5",2804000,"Saithe",8454.06
1982,"6",4845000,"Saithe",15421.635
1982,"7",4293000,"Saithe",21954.402
1982,"8",1215000,"Saithe",7535.43
1982,"9",975000,"Saithe",7074.6
1982,"10",306000,"Saithe",2424.132
1982,"11",59000,"Saithe",526.516
1982,"12",35000,"Saithe",350
1982,"13",48000,"Saithe",453.456
1982,"14",46000,"Saithe",506
1983,"3",107000,"Saithe",163.71
1983,"4",1750000,"Saithe",3886.75
1983,"5",1065000,"Saithe",3377.115
1983,"6",2455000,"Saithe",10482.85
1983,"7",4454000,"Saithe",18292.578
1983,"8",2311000,"Saithe",13829.024
1983,"9",501000,"Saithe",3790.065
1983,"10",251000,"Saithe",2176.923
1983,"11",38000,"Saithe",334.438
1983,"12",12000,"Saithe",108.468
1983,"13",2000,"Saithe",22
1983,"14",4000,"Saithe",39.272
1984,"3",53000,"Saithe",87.609
1984,"4",657000,"Saithe",1597.824
1984,"5",8e+05,"Saithe",2664
1984,"6",1825000,"Saithe",8542.825
1984,"7",2184000,"Saithe",11937.744
1984,"8",3610000,"Saithe",17952.53
1984,"9",844000,"Saithe",6251.508
1984,"10",376000,"Saithe",3075.304
1984,"11",291000,"Saithe",2552.07
1984,"12",135000,"Saithe",1192.185
1984,"13",185000,"Saithe",2035
1984,"14",226000,"Saithe",2486
1985,"3",376000,"Saithe",604.984
1985,"4",4014000,"Saithe",8718.408
1985,"5",3366000,"Saithe",10666.854
1985,"6",1958000,"Saithe",7679.276
1985,"7",1536000,"Saithe",7214.592
1985,"8",1172000,"Saithe",7513.692
1985,"9",747000,"Saithe",4849.524
1985,"10",479000,"Saithe",3997.734
1985,"11",74000,"Saithe",695.674
1985,"12",23000,"Saithe",230
1985,"13",72000,"Saithe",792
1985,"14",71000,"Saithe",781
1986,"3",3108000,"Saithe",4506.6
1986,"4",1400000,"Saithe",3066
1986,"5",4170000,"Saithe",12339.03
1986,"6",2665000,"Saithe",11731.33
1986,"7",1550000,"Saithe",8506.4
1986,"8",1116000,"Saithe",7149.096
1986,"9",628000,"Saithe",4753.96
1986,"10",1549000,"Saithe",10048.363
1986,"11",216000,"Saithe",2077.056
1986,"12",51000,"Saithe",510
1986,"13",30000,"Saithe",360
1986,"14",14000,"Saithe",168
1987,"3",956000,"Saithe",1449.296
1987,"4",5135000,"Saithe",8806.525
1987,"5",4428000,"Saithe",11822.76
1987,"6",5409000,"Saithe",20765.151
1987,"7",2915000,"Saithe",14811.115
1987,"8",1348000,"Saithe",8337.38
1987,"9",661000,"Saithe",4845.13
1987,"10",496000,"Saithe",3980.4
1987,"11",498000,"Saithe",3971.052
1987,"12",58000,"Saithe",557.67
1987,"13",27000,"Saithe",324
1987,"14",48000,"Saithe",576
1988,"3",1318000,"Saithe",1661.998
1988,"4",5067000,"Saithe",10220.139
1988,"5",6619000,"Saithe",16633.547
1988,"6",3678000,"Saithe",12784.728
1988,"7",2859000,"Saithe",13491.621
1988,"8",1775000,"Saithe",10529.3
1988,"9",845000,"Saithe",6356.935
1988,"10",226000,"Saithe",1907.214
1988,"11",270000,"Saithe",2361.96
1988,"12",107000,"Saithe",1022.813
1988,"13",24000,"Saithe",264
1988,"14",1000,"Saithe",14
1989,"3",315000,"Saithe",441.945
1989,"4",4313000,"Saithe",8716.573
1989,"5",8471000,"Saithe",18585.374
1989,"6",7309000,"Saithe",22270.523
1989,"7",1794000,"Saithe",8081.97
1989,"8",1928000,"Saithe",11353.992
1989,"9",848000,"Saithe",6081.856
1989,"10",270000,"Saithe",2390.04
1989,"11",191000,"Saithe",1910
1989,"12",135000,"Saithe",1350
1989,"13",76000,"Saithe",988
1989,"14",10000,"Saithe",120
1990,"3",143000,"Saithe",235.521
1990,"4",1692000,"Saithe",3355.236
1990,"5",5471000,"Saithe",14038.586
1990,"6",1e+07,"Saithe",30210
1990,"7",6174000,"Saithe",25171.398
1990,"8",1816000,"Saithe",10431.104
1990,"9",1087000,"Saithe",7650.306
1990,"10",380000,"Saithe",2874.32
1990,"11",151000,"Saithe",1336.954
1990,"12",55000,"Saithe",605
1990,"13",76000,"Saithe",912
1990,"14",37000,"Saithe",407
1991,"3",198000,"Saithe",242.352
1991,"4",874000,"Saithe",1694.686
1991,"5",3613000,"Saithe",8786.816
1991,"6",6844000,"Saithe",21627.04
1991,"7",1.1e+07,"Saithe",39974
1991,"8",3223000,"Saithe",16008.641
1991,"9",858000,"Saithe",5687.682
1991,"10",838000,"Saithe",6455.952
1991,"11",228000,"Saithe",2065.908
1991,"12",40000,"Saithe",364.68
1991,"13",6000,"Saithe",66
1991,"14",5000,"Saithe",55
1992,"3",242000,"Saithe",307.098
1992,"4",2928000,"Saithe",5589.552
1992,"5",3844000,"Saithe",9909.832
1992,"6",4355000,"Saithe",14319.24
1992,"7",3884000,"Saithe",16118.6
1992,"8",4046000,"Saithe",19683.79
1992,"9",1290000,"Saithe",7956.72
1992,"10",350000,"Saithe",2774.1
1992,"11",196000,"Saithe",1636.404
1992,"12",56000,"Saithe",505.624
1992,"13",54000,"Saithe",648
1992,"14",15000,"Saithe",141.99
1993,"3",657000,"Saithe",907.317
1993,"4",1083000,"Saithe",2320.869
1993,"5",2841000,"Saithe",7790.022
1993,"6",2252000,"Saithe",8188.272
1993,"7",2247000,"Saithe",9882.306
1993,"8",2314000,"Saithe",12544.194
1993,"9",3671000,"Saithe",19526.049
1993,"10",830000,"Saithe",5814.98
1993,"11",223000,"Saithe",1799.61
1993,"12",188000,"Saithe",1880
1993,"13",81000,"Saithe",737.586
1993,"14",12000,"Saithe",144
1994,"3",702000,"Saithe",1013.688
1994,"4",2955000,"Saithe",5425.38
1994,"5",1770000,"Saithe",4688.73
1994,"6",2603000,"Saithe",9141.736
1994,"7",1377000,"Saithe",6755.562
1994,"8",1243000,"Saithe",6884.977
1994,"9",1263000,"Saithe",8611.134
1994,"10",2009000,"Saithe",12805.366
1994,"11",454000,"Saithe",3786.814
1994,"12",158000,"Saithe",1543.66
1994,"13",188000,"Saithe",2068
1994,"14",82000,"Saithe",902
1995,"3",1573000,"Saithe",2155.01
1995,"4",1853000,"Saithe",3663.381
1995,"5",2661000,"Saithe",7368.309
1995,"6",1807000,"Saithe",6725.654
1995,"7",2370000,"Saithe",10951.77
1995,"8",905000,"Saithe",5297.87
1995,"9",574000,"Saithe",3682.784
1995,"10",482000,"Saithe",3545.592
1995,"11",521000,"Saithe",3550.615
1995,"12",106000,"Saithe",881.072
1995,"13",35000,"Saithe",319.165
1995,"14",13000,"Saithe",156
1996,"3",1102000,"Saithe",1354.358
1996,"4",2608000,"Saithe",4577.04
1996,"5",1868000,"Saithe",4987.56
1996,"6",1649000,"Saithe",6269.498
1996,"7",835000,"Saithe",4093.17
1996,"8",1233000,"Saithe",7004.673
1996,"9",385000,"Saithe",2765.07
1996,"10",267000,"Saithe",2064.978
1996,"11",210000,"Saithe",1943.76
1996,"12",232000,"Saithe",1930.704
1996,"13",141000,"Saithe",1551
1996,"14",74000,"Saithe",888
1997,"3",603000,"Saithe",798.975
1997,"4",2960000,"Saithe",5730.56
1997,"5",2766000,"Saithe",6663.294
1997,"6",1651000,"Saithe",6448.806
1997,"7",1178000,"Saithe",5927.696
1997,"8",599000,"Saithe",3696.429
1997,"9",454000,"Saithe",3269.708
1997,"10",125000,"Saithe",985.375
1997,"11",95000,"Saithe",841.32
1997,"12",114000,"Saithe",1099.986
1997,"13",77000,"Saithe",740.817
1997,"14",43000,"Saithe",473
1998,"3",183000,"Saithe",246.501
1998,"4",1289000,"Saithe",2541.908
1998,"5",1767000,"Saithe",5200.281
1998,"6",1545000,"Saithe",5282.355
1998,"7",1114000,"Saithe",5402.9
1998,"8",658000,"Saithe",3922.996
1998,"9",351000,"Saithe",2433.483
1998,"10",265000,"Saithe",2061.965
1998,"11",120000,"Saithe",1043.4
1998,"12",81000,"Saithe",774.684
1998,"13",85000,"Saithe",850
1998,"14",85000,"Saithe",850
1999,"3",989000,"Saithe",1264.931
1999,"4",732000,"Saithe",1541.592
1999,"5",1564000,"Saithe",4304.128
1999,"6",2176000,"Saithe",7609.472
1999,"7",1934000,"Saithe",7409.154
1999,"8",669000,"Saithe",3892.911
1999,"9",324000,"Saithe",2291.328
1999,"10",140000,"Saithe",1130.92
1999,"11",72000,"Saithe",638.28
1999,"12",25000,"Saithe",275
1999,"13",28000,"Saithe",308
1999,"14",22000,"Saithe",242
2000,"3",850000,"Saithe",1161.95
2000,"4",2383000,"Saithe",4596.807
2000,"5",896000,"Saithe",2464.896
2000,"6",1511000,"Saithe",4947.014
2000,"7",1612000,"Saithe",6723.652
2000,"8",1806000,"Saithe",8031.282
2000,"9",335000,"Saithe",2274.65
2000,"10",173000,"Saithe",1421.368
2000,"11",57000,"Saithe",534.033
2000,"12",33000,"Saithe",323.961
2000,"13",17000,"Saithe",187
2000,"14",7000,"Saithe",84
2001,"3",1223000,"Saithe",1565.44
2001,"4",2619000,"Saithe",4928.958
2001,"5",2184000,"Saithe",5676.216
2001,"6",591000,"Saithe",2184.927
2001,"7",977000,"Saithe",4318.34
2001,"8",943000,"Saithe",5222.334
2001,"9",819000,"Saithe",4618.341
2001,"10",186000,"Saithe",1485.21
2001,"11",94000,"Saithe",851.546
2001,"12",28000,"Saithe",278.376
2001,"13",28000,"Saithe",308
2001,"14",13000,"Saithe",143
2002,"3",1187000,"Saithe",1552.596
2002,"4",4190000,"Saithe",8153.74
2002,"5",3147000,"Saithe",8084.643
2002,"6",2970000,"Saithe",9700.02
2002,"7",519000,"Saithe",2528.568
2002,"8",820000,"Saithe",4399.3
2002,"9",570000,"Saithe",3893.1
2002,"10",309000,"Saithe",2183.703
2002,"11",101000,"Saithe",933.24
2002,"12",27000,"Saithe",260.793
2002,"13",15000,"Saithe",150
2002,"14",11000,"Saithe",132
2003,"3",2284000,"Saithe",2992.04
2003,"4",4363000,"Saithe",8324.604
2003,"5",6031000,"Saithe",15348.895
2003,"6",2472000,"Saithe",8246.592
2003,"7",1942000,"Saithe",7901.998
2003,"8",285000,"Saithe",1650.72
2003,"9",438000,"Saithe",3134.328
2003,"10",289000,"Saithe",2349.859
2003,"11",196000,"Saithe",1577.996
2003,"12",28000,"Saithe",280
2003,"13",29000,"Saithe",319
2003,"14",15000,"Saithe",180
2004,"3",952000,"Saithe",1396.584
2004,"4",7841000,"Saithe",14482.327
2004,"5",7195000,"Saithe",15692.295
2004,"6",5363000,"Saithe",15649.234
2004,"7",1563000,"Saithe",6278.571
2004,"8",1057000,"Saithe",5427.695
2004,"9",211000,"Saithe",1503.375
2004,"10",224000,"Saithe",1731.968
2004,"11",157000,"Saithe",1321.94
2004,"12",74000,"Saithe",660.598
2004,"13",39000,"Saithe",390
2004,"14",11000,"Saithe",121
2005,"3",2607000,"Saithe",3355.209
2005,"4",3089000,"Saithe",5832.032
2005,"5",7333000,"Saithe",16917.231
2005,"6",6876000,"Saithe",18008.244
2005,"7",3592000,"Saithe",12629.472
2005,"8",978000,"Saithe",4968.24
2005,"9",642000,"Saithe",3890.52
2005,"10",119000,"Saithe",958.188
2005,"11",149000,"Saithe",1235.508
2005,"12",89000,"Saithe",742.438
2005,"13",46000,"Saithe",394.082
2005,"14",12000,"Saithe",120
2006,"3",1380000,"Saithe",1606.32
2006,"4",1e+07,"Saithe",17220
2006,"5",2616000,"Saithe",6197.304
2006,"6",5840000,"Saithe",16398.72
2006,"7",4514000,"Saithe",14602.79
2006,"8",1989000,"Saithe",8674.029
2006,"9",667000,"Saithe",4006.669
2006,"10",485000,"Saithe",3475.51
2006,"11",118000,"Saithe",998.162
2006,"12",112000,"Saithe",1044.288
2006,"13",86000,"Saithe",851.572
2006,"14",31000,"Saithe",298.716
2007,"3",1244000,"Saithe",1418.16
2007,"4",6552000,"Saithe",10339.056
2007,"5",8751000,"Saithe",18569.622
2007,"6",2124000,"Saithe",5775.156
2007,"7",2935000,"Saithe",10257.825
2007,"8",1817000,"Saithe",7475.138
2007,"9",964000,"Saithe",5207.528
2007,"10",395000,"Saithe",2763.025
2007,"11",190000,"Saithe",1480.48
2007,"12",43000,"Saithe",401.233
2007,"13",36000,"Saithe",358.92
2007,"14",20000,"Saithe",220
2008,"3",1432000,"Saithe",1870.192
2008,"4",3602000,"Saithe",6501.61
2008,"5",5874000,"Saithe",13480.83
2008,"6",6706000,"Saithe",18434.794
2008,"7",1155000,"Saithe",4059.825
2008,"8",1894000,"Saithe",8579.82
2008,"9",1248000,"Saithe",6404.736
2008,"10",803000,"Saithe",5134.382
2008,"11",262000,"Saithe",2015.828
2008,"12",176000,"Saithe",1613.92
2008,"13",87000,"Saithe",834.678
2008,"14",44000,"Saithe",484
2009,"3",2820000,"Saithe",3981.84
2009,"4",5166000,"Saithe",9619.092
2009,"5",2084000,"Saithe",5337.124
2009,"6",2734000,"Saithe",8264.882
2009,"7",2883000,"Saithe",10597.908
2009,"8",777000,"Saithe",3571.092
2009,"9",1101000,"Saithe",6221.751
2009,"10",847000,"Saithe",5144.678
2009,"11",555000,"Saithe",4082.58
2009,"12",203000,"Saithe",1747.424
2009,"13",134000,"Saithe",1314.808
2009,"14",36000,"Saithe",396
2010,"3",2146000,"Saithe",2761.902
2010,"4",6284000,"Saithe",11229.508
2010,"5",3058000,"Saithe",7886.582
2010,"6",997000,"Saithe",3458.593
2010,"7",1644000,"Saithe",6797.94
2010,"8",1571000,"Saithe",7619.35
2010,"9",514000,"Saithe",2856.812
2010,"10",656000,"Saithe",4125.584
2010,"11",522000,"Saithe",3523.5
2010,"12",231000,"Saithe",1847.307
2010,"13",114000,"Saithe",1074.906
2010,"14",64000,"Saithe",640
2011,"3",2004000,"Saithe",2354.7
2011,"4",4850000,"Saithe",8734.85
2011,"5",4006000,"Saithe",10119.156
2011,"6",1502000,"Saithe",5527.36
2011,"7",677000,"Saithe",3123.001
2011,"8",1065000,"Saithe",5715.855
2011,"9",1145000,"Saithe",6509.325
2011,"10",323000,"Saithe",2088.518
2011,"11",433000,"Saithe",2966.483
2011,"12",244000,"Saithe",1717.516
2011,"13",150000,"Saithe",1240.2
2011,"14",75000,"Saithe",671.85
2012,"3",1183000,"Saithe",1372.28
2012,"4",4816000,"Saithe",8033.088
2012,"5",3514000,"Saithe",8324.666
2012,"6",2417000,"Saithe",8089.699
2012,"7",903000,"Saithe",4000.29
2012,"8",432000,"Saithe",2369.952
2012,"9",883000,"Saithe",5440.163
2012,"10",1015000,"Saithe",6544.72
2012,"11",354000,"Saithe",2555.88
2012,"12",277000,"Saithe",2230.958
2012,"13",173000,"Saithe",1409.431
2012,"14",99000,"Saithe",881.199
2013,"3",1163000,"Saithe",1228.128
2013,"4",5538000,"Saithe",9276.15
2013,"5",6366000,"Saithe",14126.154
2013,"6",2963000,"Saithe",9611.972
2013,"7",1610000,"Saithe",7291.69
2013,"8",664000,"Saithe",3736.992
2013,"9",375000,"Saithe",2398.875
2013,"10",537000,"Saithe",3788.535
2013,"11",460000,"Saithe",3393.88
2013,"12",124000,"Saithe",986.42
2013,"13",118000,"Saithe",991.2
2013,"14",78000,"Saithe",691.86
2014,"3",668000,"Saithe",808.948
2014,"4",3499000,"Saithe",5510.925
2014,"5",4867000,"Saithe",10848.543
2014,"6",2805000,"Saithe",8367.315
2014,"7",1276000,"Saithe",5586.328
2014,"8",725000,"Saithe",4058.55
2014,"9",347000,"Saithe",2350.231
2014,"10",241000,"Saithe",1933.543
2014,"11",312000,"Saithe",2457
2014,"12",199000,"Saithe",1720.554
2014,"13",128000,"Saithe",1174.912
2014,"14",74000,"Saithe",721.426
2015,"3",781000,"Saithe",837.232
2015,"4",2712000,"Saithe",4444.968
2015,"5",6461000,"Saithe",13833.001
2015,"6",2917000,"Saithe",9106.874
2015,"7",1509000,"Saithe",6431.358
2015,"8",694000,"Saithe",3855.17
2015,"9",589000,"Saithe",3906.837
2015,"10",249000,"Saithe",1916.553
2015,"11",133000,"Saithe",1099.777
2015,"12",143000,"Saithe",1259.973
2015,"13",135000,"Saithe",1188.675
2015,"14",69000,"Saithe",595.608
2016,"3",1588000,"Saithe",1754.74
2016,"4",6230000,"Saithe",9145.64
2016,"5",2653000,"Saithe",5995.78
2016,"6",2838000,"Saithe",8715.498
2016,"7",1648000,"Saithe",6801.296
2016,"8",1059000,"Saithe",5583.048
2016,"9",526000,"Saithe",3355.354
2016,"10",337000,"Saithe",2442.239
2016,"11",148000,"Saithe",1267.768
2016,"12",131000,"Saithe",1183.847
2016,"13",194000,"Saithe",1761.132
2016,"14",139000,"Saithe",1216.528
2017,"3",750000,"Saithe",961.5
2017,"4",3333000,"Saithe",5579.442
2017,"5",7542000,"Saithe",16584.858
2017,"6",1806000,"Saithe",5878.53
2017,"7",1449000,"Saithe",6250.986
2017,"8",813000,"Saithe",4648.734
2017,"9",648000,"Saithe",4121.928
2017,"10",229000,"Saithe",1747.27
2017,"11",127000,"Saithe",1090.93
2017,"12",82000,"Saithe",746.036
2017,"13",66000,"Saithe",608.652
2017,"14",89000,"Saithe",834.82
2018,"3",689000,"Saithe",927.394
2018,"4",6681000,"Saithe",11518.044
2018,"5",4267000,"Saithe",9963.445
2018,"6",7908000,"Saithe",23763.54
2018,"7",1446000,"Saithe",6041.388
2018,"8",962000,"Saithe",5116.878
2018,"9",455000,"Saithe",2977.52
2018,"10",258000,"Saithe",2005.434
2018,"11",192000,"Saithe",1637.76
2018,"12",96000,"Saithe",879.648
2018,"13",57000,"Saithe",537.282
2018,"14",22000,"Saithe",214.786
2019,"3",1292000,"Saithe",1918.62
2019,"4",1585000,"Saithe",3255.59
2019,"5",6325000,"Saithe",15489.925
2019,"6",2752000,"Saithe",8608.256
2019,"7",4543000,"Saithe",18644.472
2019,"8",693000,"Saithe",3945.942
2019,"9",675000,"Saithe",4376.025
2019,"10",339000,"Saithe",2627.25
2019,"11",242000,"Saithe",2072.246
2019,"12",139000,"Saithe",1297.287
2019,"13",69000,"Saithe",670.818
2019,"14",23000,"Saithe",223.606
2020,"3",1333000,"Saithe",1712.905
2020,"4",2310000,"Saithe",4654.65
2020,"5",1496000,"Saithe",3569.456
2020,"6",3228000,"Saithe",10106.868
2020,"7",1334000,"Saithe",5422.71
2020,"8",1700000,"Saithe",8600.3
2020,"9",710000,"Saithe",4461.64
2020,"10",351000,"Saithe",2465.775
2020,"11",379000,"Saithe",3140.015
2020,"12",256000,"Saithe",2324.224
2020,"13",251000,"Saithe",2334.3
2020,"14",159000,"Saithe",1451.988
2021,"3",1832000,"Saithe",2447.552
2021,"4",6777000,"Saithe",11649.663
2021,"5",4160000,"Saithe",10462.4
2021,"6",1305000,"Saithe",4211.235
2021,"7",2380000,"Saithe",10422.02
2021,"8",1082000,"Saithe",5730.272
2021,"9",1303000,"Saithe",8163.295
2021,"10",471000,"Saithe",3368.592
2021,"11",197000,"Saithe",1584.865
2021,"12",102000,"Saithe",878.832
2021,"13",48000,"Saithe",458.592
2021,"14",40000,"Saithe",384.36
2022,"3",1861000,"Saithe",2281.586
2022,"4",5748000,"Saithe",10674.036
2022,"5",6217000,"Saithe",14883.498
2022,"6",2662000,"Saithe",8356.018
2022,"7",1129000,"Saithe",4648.093
2022,"8",1066000,"Saithe",5721.222
2022,"9",935000,"Saithe",5685.735
2022,"10",592000,"Saithe",3996.592
2022,"11",310000,"Saithe",2468.53
2022,"12",177000,"Saithe",1502.022
2022,"13",130000,"Saithe",1194.96
2022,"14",50000,"Saithe",459.75
